{"cameraMode":{"drawMode":0,"name":"Shaded","section":"Shading Mode"},"sceneLighting":true,"audioPlay":false,"sceneViewState":{"m_AlwaysRefresh":false,"showFog":true,"showSkybox":true,"showFlares":true,"showImageEffects":true,"showParticleSystems":true,"showVisualEffectGraphs":true,"m_FxEnabled":true},"in2DMode":false,"pivot":{"x":3.73162579536438,"y":2.7648534774780275,"z":24.258262634277345},"rotation":{"x":-0.018726520240306855,"y":0.9571261405944824,"z":-0.06513668596744538,"w":-0.2825848162174225},"size":0.10210473090410233,"orthographic":false}